backup_file,activity_id,action,payload,rationale
fitness-tracker__backup_202401-03-1337.json,act_ibizgrtgva,override_trainables,[],"I think I forgot to export Trainables too, but because the missing Trainables referenced in this Activity will be replaced in later backups, I will just delete all trainables in this backup and let the future backup override them"
fitness-tracker__backup_202401-04-1919.json,act_ibizgrtgva,override_trainables,[],"I think I forgot to export Trainables too, but because the missing Trainables referenced in this Activity will be replaced in later backups, I will just delete all trainables in this backup and let the future backup override them"
fitness-tracker__backup_202401-05-1350.json,act_ibizgrtgva,override_trainables,[],"I think I forgot to export Trainables too, but because the missing Trainables referenced in this Activity will be replaced in later backups, I will just delete all trainables in this backup and let the future backup override them"
fitness-tracker__backup_202401-06-0024.json,act_ibizgrtgva,override_trainables,[],"I think I forgot to export Trainables too, but because the missing Trainables referenced in this Activity will be replaced in later backups, I will just delete all trainables in this backup and let the future backup override them"
fitness-tracker__backup_202401-09-1356.json,act_ibizgrtgva,override_trainables,[],"I think I forgot to export Trainables too, but because the missing Trainables referenced in this Activity will be replaced in later backups, I will just delete all trainables in this backup and let the future backup override them"
fitness-tracker__backup_202401-11-1331.json,act_ibizgrtgva,override_trainables,[],"I think I forgot to export Trainables too, but because the missing Trainables referenced in this Activity will be replaced in later backups, I will just delete all trainables in this backup and let the future backup override them"
fitness-tracker__backup_202401-11-2311.json,act_ibizgrtgva,override_trainables,[],"I think I forgot to export Trainables too, but because the missing Trainables referenced in this Activity will be replaced in later backups, I will just delete all trainables in this backup and let the future backup override them"
fitness-tracker__backup_202401-15-1339.json,act_ibizgrtgva,override_trainables,[],"I think I forgot to export Trainables too, but because the missing Trainables referenced in this Activity will be replaced in later backups, I will just delete all trainables in this backup and let the future backup override them"
fitness-tracker__backup_202401-17-1402.json,act_ibizgrtgva,override_trainables,[],"I think I forgot to export Trainables too, but because the missing Trainables referenced in this Activity will be replaced in later backups, I will just delete all trainables in this backup and let the future backup override them"
fitness-tracker__backup_202401-17-1402.json,act_ibizgrtgva,override_trainables,[],"I think I forgot to export Trainables too, but because the missing Trainables referenced in this Activity will be replaced in later backups, I will just delete all trainables in this backup and let the future backup override them"
fitness-tracker__backup_202401-21-2256.json,act_ibizgrtgva,override_trainables,[],"I think I forgot to export Trainables too, but because the missing Trainables referenced in this Activity will be replaced in later backups, I will just delete all trainables in this backup and let the future backup override them"
fitness-tracker__backup_202401-22-0841.json,act_ibizgrtgva,override_trainables,[],"I think I forgot to export Trainables too, but because the missing Trainables referenced in this Activity will be replaced in later backups, I will just delete all trainables in this backup and let the future backup override them"
fitness-tracker__backup_202401-23-2049.json,act_ibizgrtgva,override_trainables,[],"I think I forgot to export Trainables too, but because the missing Trainables referenced in this Activity will be replaced in later backups, I will just delete all trainables in this backup and let the future backup override them"
fitness-tracker__backup_202401-26-1438.json,act_ibizgrtgva,override_trainables,[],"I think I forgot to export Trainables too, but because the missing Trainables referenced in this Activity will be replaced in later backups, I will just delete all trainables in this backup and let the future backup override them"
fitness-tracker__backup_202401-30-1411.json,act_ibizgrtgva,override_trainables,[],"I think I forgot to export Trainables too, but because the missing Trainables referenced in this Activity will be replaced in later backups, I will just delete all trainables in this backup and let the future backup override them"
fitness-tracker__backup_202401-31-1533.json,act_ibizgrtgva,override_trainables,[],"I think I forgot to export Trainables too, but because the missing Trainables referenced in this Activity will be replaced in later backups, I will just delete all trainables in this backup and let the future backup override them"
fitness-tracker__backup_202402-01-1344.json,act_ibizgrtgva,override_trainables,[],"I think I forgot to export Trainables too, but because the missing Trainables referenced in this Activity will be replaced in later backups, I will just delete all trainables in this backup and let the future backup override them"
fitness-tracker__backup_202402-02-1327.json,act_ibizgrtgva,override_trainables,[],"I think I forgot to export Trainables too, but because the missing Trainables referenced in this Activity will be replaced in later backups, I will just delete all trainables in this backup and let the future backup override them"
fitness-tracker__backup_202402-04-0935.json,act_ibizgrtgva,override_trainables,[],"I think I forgot to export Trainables too, but because the missing Trainables referenced in this Activity will be replaced in later backups, I will just delete all trainables in this backup and let the future backup override them"
fitness-tracker__backup_202402-04-1052.json,act_ibizgrtgva,override_trainables,[],"I think I forgot to export Trainables too, but because the missing Trainables referenced in this Activity will be replaced in later backups, I will just delete all trainables in this backup and let the future backup override them"
fitness-tracker__backup_202402-05-1311.json,act_ibizgrtgva,override_trainables,[],"I think I forgot to export Trainables too, but because the missing Trainables referenced in this Activity will be replaced in later backups, I will just delete all trainables in this backup and let the future backup override them"
fitness-tracker__backup_202402-06-1444.json,act_ibizgrtgva,override_trainables,[],"I think I forgot to export Trainables too, but because the missing Trainables referenced in this Activity will be replaced in later backups, I will just delete all trainables in this backup and let the future backup override them"
fitness-tracker__backup_202402-07-1328.json,act_ibizgrtgva,override_trainables,[],"I think I forgot to export Trainables too, but because the missing Trainables referenced in this Activity will be replaced in later backups, I will just delete all trainables in this backup and let the future backup override them"
fitness-tracker__backup_202402-08-1333.json,act_ibizgrtgva,override_trainables,[],"I think I forgot to export Trainables too, but because the missing Trainables referenced in this Activity will be replaced in later backups, I will just delete all trainables in this backup and let the future backup override them"
fitness-tracker__backup_202402-08-1451.json,act_ibizgrtgva,override_trainables,[],"I think I forgot to export Trainables too, but because the missing Trainables referenced in this Activity will be replaced in later backups, I will just delete all trainables in this backup and let the future backup override them"
fitness-tracker__backup_202402-09-1110.json,act_ibizgrtgva,override_trainables,[],"I think I forgot to export Trainables too, but because the missing Trainables referenced in this Activity will be replaced in later backups, I will just delete all trainables in this backup and let the future backup override them"
